,Prompt,News Type,Year,Topic,ChatGPT Response,processed,tokens,predictions,label,international,contentious
0,Please provide a one paragraph summary of each of the following news topics and store it in a table with one column for the topic name and the other column for the summary:,Event,2019,Hurricane Dorian,"Hurricane Dorian, a powerful Category 5 storm, struck the Bahamas and the southeastern United States in 2019, causing widespread devastation and significant damage. It became one of the strongest hurricanes on record in the Atlantic, prompting large-scale evacuations and relief efforts.",Hurricane Dorian a powerful Category storm struck the Bahamas and the southeastern United States in causing widespread devastation and significant damage It became one of the strongest hurricanes on record in the Atlantic prompting large scale evacuations and relief efforts,"['hurricane', 'dorian', 'powerful', 'category', 'storm', 'struck', 'bahamas', 'southeastern', 'united', 'state', 'causing', 'widespread', 'devastation', 'significant', 'damage', 'became', 'one', 'strongest', 'hurricane', 'record', 'atlantic', 'prompting', 'large', 'scale', 'evacuation', 'relief', 'effort']",2,liberal,0,0
1,Please provide a one paragraph summary of each of the following news topics and store it in a table with one column for the topic name and the other column for the summary:,Event,2019,Notre Dame Cathedral,"The Notre Dame Cathedral in Paris suffered a devastating fire in April 2019, resulting in the partial collapse of its iconic spire and causing extensive damage to the centuries-old structure. The incident sparked an international outpouring of support for the reconstruction efforts, with pledges of financial aid and expertise to restore this cultural and historical landmark.",The Notre Dame Cathedral in Paris suffered a devastating fire in April resulting in the partial collapse of its iconic spire and causing extensive damage to the centuries old structure The incident sparked an international outpouring of support for the reconstruction efforts with pledges of financial aid and expertise to restore this cultural and historical landmark,"['notre', 'dame', 'cathedral', 'paris', 'suffered', 'devastating', 'fire', 'april', 'resulting', 'partial', 'collapse', 'iconic', 'spire', 'causing', 'extensive', 'damage', 'century', 'old', 'structure', 'incident', 'sparked', 'international', 'outpouring', 'support', 'reconstruction', 'effort', 'pledge', 'financial', 'aid', 'expertise', 'restore', 'cultural', 'historical', 'landmark']",0,moderate,0,0
2,Please provide a one paragraph summary of each of the following news topics and store it in a table with one column for the topic name and the other column for the summary:,Event,2019,Women's World Cup,"The Women's World Cup is a quadrennial international soccer tournament showcasing the world's top women's national teams. The most recent edition took place in 2019, hosted by France, where the United States emerged victorious by defeating the Netherlands in the final. The tournament gained widespread attention for its record-breaking viewership and the ongoing advocacy for gender equality and recognition in women's soccer.",The Women's World Cup is a quadrennial international soccer tournament showcasing the world's top women's national teams The most recent edition took place in hosted by France where the United States emerged victorious by defeating the Netherlands in the final The tournament gained widespread attention for its record breaking viewership and the ongoing advocacy for gender equality and recognition in women's soccer,"['woman', ""'s"", 'world', 'cup', 'quadrennial', 'international', 'soccer', 'tournament', 'showcasing', 'world', ""'s"", 'top', 'woman', ""'s"", 'national', 'team', 'recent', 'edition', 'took', 'place', 'hosted', 'france', 'united', 'state', 'emerged', 'victorious', 'defeating', 'netherlands', 'final', 'tournament', 'gained', 'widespread', 'attention', 'record', 'breaking', 'viewership', 'ongoing', 'advocacy', 'gender', 'equality', 'recognition', 'woman', ""'s"", 'soccer']",2,liberal,0,0
3,Please provide a one paragraph summary of each of the following news topics and store it in a table with one column for the topic name and the other column for the summary:,Event,2019,Area 51 raid,"In September 2019, a viral social media event called for a mass raid on Area 51, a highly classified U.S. military facility in Nevada associated with UFO conspiracy theories. Despite the humorous intent of the online movement, only a small number of people gathered near the base, leading to a festival-like atmosphere rather than any serious attempt to breach the secure military installation.",In September a viral social media event called for a mass raid on Area a highly classified U S military facility in Nevada associated with UFO conspiracy theories Despite the humorous intent of the online movement only a small number of people gathered near the base leading to a festival like atmosphere rather than any serious attempt to breach the secure military installation,"['september', 'viral', 'social', 'medium', 'event', 'called', 'mass', 'raid', 'area', 'highly', 'classified', 'u', 'military', 'facility', 'nevada', 'associated', 'ufo', 'conspiracy', 'theory', 'despite', 'humorous', 'intent', 'online', 'movement', 'small', 'number', 'people', 'gathered', 'near', 'base', 'leading', 'festival', 'like', 'atmosphere', 'rather', 'serious', 'attempt', 'breach', 'secure', 'military', 'installation']",0,moderate,0,0
4,Please provide a one paragraph summary of each of the following news topics and store it in a table with one column for the topic name and the other column for the summary:,Event,2019,Copa America,"Copa America is the oldest international football tournament in the world, involving South American national teams. The 2019 edition, hosted by Brazil, saw the home team emerge as champions by defeating Peru in the final. The tournament showcased intense competition and skillful performances from top players in the region, contributing to the rich history of South American football.",Copa America is the oldest international football tournament in the world involving South American national teams The edition hosted by Brazil saw the home team emerge as champions by defeating Peru in the final The tournament showcased intense competition and skillful performances from top players in the region contributing to the rich history of South American football,"['copa', 'america', 'oldest', 'international', 'football', 'tournament', 'world', 'involving', 'south', 'american', 'national', 'team', 'edition', 'hosted', 'brazil', 'saw', 'home', 'team', 'emerge', 'champion', 'defeating', 'peru', 'final', 'tournament', 'showcased', 'intense', 'competition', 'skillful', 'performance', 'top', 'player', 'region', 'contributing', 'rich', 'history', 'south', 'american', 'football']",2,liberal,0,0
5,Please provide a one paragraph summary of each of the following news topics and store it in a table with one column for the topic name and the other column for the summary:,Event,2019,El Paso shooting,"The El Paso shooting occurred in August 2019 when a lone gunman opened fire at a Walmart store in El Paso, Texas, resulting in 23 deaths and numerous injuries. The attack was motivated by hate, targeting the Hispanic community. The incident reignited discussions about gun control, domestic terrorism, and the rise of extremist ideologies in the United States, prompting calls for legislative action to address these pressing issues.",The El Paso shooting occurred in August when a lone gunman opened fire at a Walmart store in El Paso Texas resulting in deaths and numerous injuries The attack was motivated by hate targeting the Hispanic community The incident reignited discussions about gun control domestic terrorism and the rise of extremist ideologies in the United States prompting calls for legislative action to address these pressing issues,"['el', 'paso', 'shooting', 'occurred', 'august', 'lone', 'gunman', 'opened', 'fire', 'walmart', 'store', 'el', 'paso', 'texas', 'resulting', 'death', 'numerous', 'injury', 'attack', 'motivated', 'hate', 'targeting', 'hispanic', 'community', 'incident', 'reignited', 'discussion', 'gun', 'control', 'domestic', 'terrorism', 'rise', 'extremist', 'ideology', 'united', 'state', 'prompting', 'call', 'legislative', 'action', 'address', 'pressing', 'issue']",2,liberal,0,1
6,Please provide a one paragraph summary of each of the following news topics and store it in a table with one column for the topic name and the other column for the summary:,Event,2019,Sri Lanka,"In April 2019, a series of coordinated terrorist attacks took place across Sri Lanka, targeting churches and hotels on Easter Sunday. The attacks, carried out by local Islamist extremists, resulted in a large number of casualties and widespread condemnation. The government responded with increased security measures and investigations to address the root causes of extremism. The incident highlighted the global challenge of combating terrorism and the need for international cooperation to ensure the safety and security of communities.",In April a series of coordinated terrorist attacks took place across Sri Lanka targeting churches and hotels on Easter Sunday The attacks carried out by local Islamist extremists resulted in a large number of casualties and widespread condemnation The government responded with increased security measures and investigations to address the root causes of extremism The incident highlighted the global challenge of combating terrorism and the need for international cooperation to ensure the safety and security of communities,"['april', 'series', 'coordinated', 'terrorist', 'attack', 'took', 'place', 'across', 'sri', 'lanka', 'targeting', 'church', 'hotel', 'easter', 'sunday', 'attack', 'carried', 'local', 'islamist', 'extremist', 'resulted', 'large', 'number', 'casualty', 'widespread', 'condemnation', 'government', 'responded', 'increased', 'security', 'measure', 'investigation', 'address', 'root', 'cause', 'extremism', 'incident', 'highlighted', 'global', 'challenge', 'combating', 'terrorism', 'need', 'international', 'cooperation', 'ensure', 'safety', 'security', 'community']",0,moderate,1,1
8,Please provide a one paragraph summary of each of the following news topics and store it in a table with one column for the topic name and the other column for the summary:,Event,2019,Equifax data breach settlement,"Equifax, one of the largest credit reporting agencies, faced a massive data breach in 2017 that exposed the personal information of millions of individuals. In 2019, the company reached a settlement agreement with the Federal Trade Commission (FTC), the Consumer Financial Protection Bureau (CFPB), and state attorneys general. The settlement included compensation for affected consumers, enhanced data security measures, and penalties for the company, highlighting the ongoing concerns and consequences of data breaches in the digital age.",Equifax one of the largest credit reporting agencies faced a massive data breach in that exposed the personal information of millions of individuals In the company reached a settlement agreement with the Federal Trade Commission FTC the Consumer Financial Protection Bureau CFPB and state attorneys general The settlement included compensation for affected consumers enhanced data security measures and penalties for the company highlighting the ongoing concerns and consequences of data breaches in the digital age,"['equifax', 'one', 'largest', 'credit', 'reporting', 'agency', 'faced', 'massive', 'data', 'breach', 'exposed', 'personal', 'information', 'million', 'individual', 'company', 'reached', 'settlement', 'agreement', 'federal', 'trade', 'commission', 'ftc', 'consumer', 'financial', 'protection', 'bureau', 'cfpb', 'state', 'attorney', 'general', 'settlement', 'included', 'compensation', 'affected', 'consumer', 'enhanced', 'data', 'security', 'measure', 'penalty', 'company', 'highlighting', 'ongoing', 'concern', 'consequence', 'data', 'breach', 'digital', 'age']",2,liberal,0,0
9,Please provide a one paragraph summary of each of the following news topics and store it in a table with one column for the topic name and the other column for the summary:,Event,2019,California earthquake,"In July 2019, Southern California experienced a significant earthquake with a magnitude of 7.1, following a foreshock with a magnitude of 6.4. The earthquakes, centered near the town of Ridgecrest, caused damage to buildings and infrastructure, though fortunately, there were no reported fatalities. The seismic events prompted discussions about earthquake preparedness and the potential for larger earthquakes in the region, emphasizing the importance of proactive measures to mitigate the impact of natural disasters.",In July Southern California experienced a significant earthquake with a magnitude of following a foreshock with a magnitude of The earthquakes centered near the town of Ridgecrest caused damage to buildings and infrastructure though fortunately there were no reported fatalities The seismic events prompted discussions about earthquake preparedness and the potential for larger earthquakes in the region emphasizing the importance of proactive measures to mitigate the impact of natural disasters,"['july', 'southern', 'california', 'experienced', 'significant', 'earthquake', 'magnitude', 'following', 'foreshock', 'magnitude', 'earthquake', 'centered', 'near', 'town', 'ridgecrest', 'caused', 'damage', 'building', 'infrastructure', 'though', 'fortunately', 'reported', 'fatality', 'seismic', 'event', 'prompted', 'discussion', 'earthquake', 'preparedness', 'potential', 'larger', 'earthquake', 'region', 'emphasizing', 'importance', 'proactive', 'measure', 'mitigate', 'impact', 'natural', 'disaster']",0,moderate,0,0
10,Please provide a one paragraph summary of each of the following 2018 news topics and store it in a table with one column for the topic name and the other column for the summary:,Event,2018,World Cup,"The 2018 FIFA World Cup took place in Russia, bringing together national football teams from around the globe. The tournament featured thrilling matches, unexpected upsets, and memorable moments. France emerged as the champions by defeating Croatia in the final, securing their second World Cup title. The event showcased exceptional athleticism, sportsmanship, and the unifying power of football, capturing the hearts of millions worldwide and leaving a lasting impact on the world of sports.",The FIFA World Cup took place in Russia bringing together national football teams from around the globe The tournament featured thrilling matches unexpected upsets and memorable moments France emerged as the champions by defeating Croatia in the final securing their second World Cup title The event showcased exceptional athleticism sportsmanship and the unifying power of football capturing the hearts of millions worldwide and leaving a lasting impact on the world of sports,"['fifa', 'world', 'cup', 'took', 'place', 'russia', 'bringing', 'together', 'national', 'football', 'team', 'around', 'globe', 'tournament', 'featured', 'thrilling', 'match', 'unexpected', 'upset', 'memorable', 'moment', 'france', 'emerged', 'champion', 'defeating', 'croatia', 'final', 'securing', 'second', 'world', 'cup', 'title', 'event', 'showcased', 'exceptional', 'athleticism', 'sportsmanship', 'unifying', 'power', 'football', 'capturing', 'heart', 'million', 'worldwide', 'leaving', 'lasting', 'impact', 'world', 'sport']",0,moderate,0,0
11,Please provide a one paragraph summary of each of the following 2018 news topics and store it in a table with one column for the topic name and the other column for the summary:,Event,2018,Hurricane Florence,"Hurricane Florence, a Category 4 hurricane, made landfall on the East Coast of the United States in September 2018. The storm brought devastating flooding to the Carolinas, causing widespread damage and prompting large-scale evacuations. Florence highlighted the vulnerability of coastal areas to extreme weather events and underscored the importance of preparedness and emergency response. The aftermath involved extensive recovery efforts to address the impact on communities, infrastructure, and the environment, emphasizing the need for resilience in the face of increasingly severe hurricanes.",Hurricane Florence a Category hurricane made landfall on the East Coast of the United States in September The storm brought devastating flooding to the Carolinas causing widespread damage and prompting large scale evacuations Florence highlighted the vulnerability of coastal areas to extreme weather events and underscored the importance of preparedness and emergency response The aftermath involved extensive recovery efforts to address the impact on communities infrastructure and the environment emphasizing the need for resilience in the face of increasingly severe hurricanes,"['hurricane', 'florence', 'category', 'hurricane', 'made', 'landfall', 'east', 'coast', 'united', 'state', 'september', 'storm', 'brought', 'devastating', 'flooding', 'carolina', 'causing', 'widespread', 'damage', 'prompting', 'large', 'scale', 'evacuation', 'florence', 'highlighted', 'vulnerability', 'coastal', 'area', 'extreme', 'weather', 'event', 'underscored', 'importance', 'preparedness', 'emergency', 'response', 'aftermath', 'involved', 'extensive', 'recovery', 'effort', 'address', 'impact', 'community', 'infrastructure', 'environment', 'emphasizing', 'need', 'resilience', 'face', 'increasingly', 'severe', 'hurricane']",0,moderate,0,0
12,Please provide a one paragraph summary of each of the following 2018 news topics and store it in a table with one column for the topic name and the other column for the summary:,Event,2018,Mega Millions,"Mega Millions captured the public's attention in 2018 with a record-breaking jackpot of $1.5 billion, drawing widespread interest and participation. The lottery game, known for its massive prizes, created a lottery fever as people across the United States rushed to purchase tickets for a chance at the life-changing jackpot. The drawing, characterized by the selection of numbered balls, resulted in a few fortunate winners who shared the historic prize. The Mega Millions jackpot frenzy exemplified the allure of enormous lottery prizes and the excitement they generate among those hoping to strike it rich.",Mega Millions captured the public's attention in with a record breaking jackpot of billion drawing widespread interest and participation The lottery game known for its massive prizes created a lottery fever as people across the United States rushed to purchase tickets for a chance at the life changing jackpot The drawing characterized by the selection of numbered balls resulted in a few fortunate winners who shared the historic prize The Mega Millions jackpot frenzy exemplified the allure of enormous lottery prizes and the excitement they generate among those hoping to strike it rich,"['mega', 'million', 'captured', 'public', ""'s"", 'attention', 'record', 'breaking', 'jackpot', 'billion', 'drawing', 'widespread', 'interest', 'participation', 'lottery', 'game', 'known', 'massive', 'prize', 'created', 'lottery', 'fever', 'people', 'across', 'united', 'state', 'rushed', 'purchase', 'ticket', 'chance', 'life', 'changing', 'jackpot', 'drawing', 'characterized', 'selection', 'numbered', 'ball', 'resulted', 'fortunate', 'winner', 'shared', 'historic', 'prize', 'mega', 'million', 'jackpot', 'frenzy', 'exemplified', 'allure', 'enormous', 'lottery', 'prize', 'excitement', 'generate', 'among', 'hoping', 'strike', 'rich']",2,liberal,0,0
13,Please provide a one paragraph summary of each of the following 2018 news topics and store it in a table with one column for the topic name and the other column for the summary:,Event,2018,Election Results,"The 2018 United States midterm elections were a pivotal political moment, determining the composition of the U.S. Congress and numerous state and local offices. Democrats secured a majority in the House of Representatives, while Republicans retained control of the Senate. The elections were marked by high voter turnout and notable victories, reflecting a shift in political dynamics. The results had significant implications for the balance of power in Washington, shaping the legislative landscape and influencing the trajectory of key policy issues. The midterm elections served as a reflection of public sentiment and set the stage for subsequent political developments in the United States.",The United States midterm elections were a pivotal political moment determining the composition of the U S Congress and numerous state and local offices Democrats secured a majority in the House of Representatives while Republicans retained control of the Senate The elections were marked by high voter turnout and notable victories reflecting a shift in political dynamics The results had significant implications for the balance of power in Washington shaping the legislative landscape and influencing the trajectory of key policy issues The midterm elections served as a reflection of public sentiment and set the stage for subsequent political developments in the United States,"['united', 'state', 'midterm', 'election', 'pivotal', 'political', 'moment', 'determining', 'composition', 'u', 'congress', 'numerous', 'state', 'local', 'office', 'democrat', 'secured', 'majority', 'house', 'representative', 'republican', 'retained', 'control', 'senate', 'election', 'marked', 'high', 'voter', 'turnout', 'notable', 'victory', 'reflecting', 'shift', 'political', 'dynamic', 'result', 'significant', 'implication', 'balance', 'power', 'washington', 'shaping', 'legislative', 'landscape', 'influencing', 'trajectory', 'key', 'policy', 'issue', 'midterm', 'election', 'served', 'reflection', 'public', 'sentiment', 'set', 'stage', 'subsequent', 'political', 'development', 'united', 'state']",2,liberal,1,1
14,Please provide a one paragraph summary of each of the following 2018 news topics and store it in a table with one column for the topic name and the other column for the summary:,Event,2018,Hurricane Michael,"In October 2018, Hurricane Michael, a Category 5 hurricane, struck the Florida Panhandle, causing widespread destruction. The storm's powerful winds and storm surge devastated coastal communities and inland areas, making it one of the most intense hurricanes to hit the region. Michael highlighted the importance of hurricane preparedness and emergency response, as well as the need for resilient infrastructure to withstand the impact of severe weather events. The recovery efforts focused on rebuilding affected areas and addressing the long-term consequences of the hurricane on communities and ecosystems.",In October Hurricane Michael a Category hurricane struck the Florida Panhandle causing widespread destruction The storm's powerful winds and storm surge devastated coastal communities and inland areas making it one of the most intense hurricanes to hit the region Michael highlighted the importance of hurricane preparedness and emergency response as well as the need for resilient infrastructure to withstand the impact of severe weather events The recovery efforts focused on rebuilding affected areas and addressing the long term consequences of the hurricane on communities and ecosystems,"['october', 'hurricane', 'michael', 'category', 'hurricane', 'struck', 'florida', 'panhandle', 'causing', 'widespread', 'destruction', 'storm', ""'s"", 'powerful', 'wind', 'storm', 'surge', 'devastated', 'coastal', 'community', 'inland', 'area', 'making', 'one', 'intense', 'hurricane', 'hit', 'region', 'michael', 'highlighted', 'importance', 'hurricane', 'preparedness', 'emergency', 'response', 'well', 'need', 'resilient', 'infrastructure', 'withstand', 'impact', 'severe', 'weather', 'event', 'recovery', 'effort', 'focused', 'rebuilding', 'affected', 'area', 'addressing', 'long', 'term', 'consequence', 'hurricane', 'community', 'ecosystem']",0,moderate,0,0
15,Please provide a one paragraph summary of each of the following 2018 news topics and store it in a table with one column for the topic name and the other column for the summary:,Event,2018,Kavanaugh Confirmation,"The confirmation of Justice Brett Kavanaugh to the United States Supreme Court in 2018 was a highly contentious and closely watched process. Kavanaugh faced allegations of sexual misconduct, leading to emotional and polarized hearings in the Senate. Despite the controversy, Kavanaugh was confirmed, solidifying a conservative majority on the Supreme Court. The confirmation process sparked national debates on issues of credibility, accountability, and the influence of partisan politics on judicial appointments. Kavanaugh's confirmation had a lasting impact on the court's dynamics and contributed to broader discussions about the nomination and confirmation of justices to the highest court in the land.",The confirmation of Justice Brett Kavanaugh to the United States Supreme Court in was a highly contentious and closely watched process Kavanaugh faced allegations of sexual misconduct leading to emotional and polarized hearings in the Senate Despite the controversy Kavanaugh was confirmed solidifying a conservative majority on the Supreme Court The confirmation process sparked national debates on issues of credibility accountability and the influence of partisan politics on judicial appointments Kavanaugh's confirmation had a lasting impact on the court's dynamics and contributed to broader discussions about the nomination and confirmation of justices to the highest court in the land,"['confirmation', 'justice', 'brett', 'kavanaugh', 'united', 'state', 'supreme', 'court', 'highly', 'contentious', 'closely', 'watched', 'process', 'kavanaugh', 'faced', 'allegation', 'sexual', 'misconduct', 'leading', 'emotional', 'polarized', 'hearing', 'senate', 'despite', 'controversy', 'kavanaugh', 'confirmed', 'solidifying', 'conservative', 'majority', 'supreme', 'court', 'confirmation', 'process', 'sparked', 'national', 'debate', 'issue', 'credibility', 'accountability', 'influence', 'partisan', 'politics', 'judicial', 'appointment', 'kavanaugh', ""'s"", 'confirmation', 'lasting', 'impact', 'court', ""'s"", 'dynamic', 'contributed', 'broader', 'discussion', 'nomination', 'confirmation', 'justice', 'highest', 'court', 'land']",2,liberal,0,1
16,Please provide a one paragraph summary of each of the following 2018 news topics and store it in a table with one column for the topic name and the other column for the summary:,Event,2018,Florida Shooting,"The tragic school shooting at Marjory Stoneman Douglas High School in Parkland, Florida, in February 2018, left a profound impact on the nation. A lone gunman opened fire, resulting in numerous fatalities and injuries. Surviving students emerged as vocal advocates for stricter gun control measures, leading a nationwide movement for change. The incident reignited the debate on gun violence, school safety, and mental health, prompting a renewed focus on addressing the complex issues surrounding firearms in the United States. The Parkland shooting had a lasting impact on public discourse and advocacy efforts aimed at preventing similar tragedies in the future.",The tragic school shooting at Marjory Stoneman Douglas High School in Parkland Florida in February left a profound impact on the nation A lone gunman opened fire resulting in numerous fatalities and injuries Surviving students emerged as vocal advocates for stricter gun control measures leading a nationwide movement for change The incident reignited the debate on gun violence school safety and mental health prompting a renewed focus on addressing the complex issues surrounding firearms in the United States The Parkland shooting had a lasting impact on public discourse and advocacy efforts aimed at preventing similar tragedies in the future,"['tragic', 'school', 'shooting', 'marjory', 'stoneman', 'douglas', 'high', 'school', 'parkland', 'florida', 'february', 'left', 'profound', 'impact', 'nation', 'lone', 'gunman', 'opened', 'fire', 'resulting', 'numerous', 'fatality', 'injury', 'surviving', 'student', 'emerged', 'vocal', 'advocate', 'stricter', 'gun', 'control', 'measure', 'leading', 'nationwide', 'movement', 'change', 'incident', 'reignited', 'debate', 'gun', 'violence', 'school', 'safety', 'mental', 'health', 'prompting', 'renewed', 'focus', 'addressing', 'complex', 'issue', 'surrounding', 'firearm', 'united', 'state', 'parkland', 'shooting', 'lasting', 'impact', 'public', 'discourse', 'advocacy', 'effort', 'aimed', 'preventing', 'similar', 'tragedy', 'future']",0,moderate,0,1
17,Please provide a one paragraph summary of each of the following 2018 news topics and store it in a table with one column for the topic name and the other column for the summary:,Event,2018,Royal Wedding,"The Royal Wedding of Prince Harry and Meghan Markle captivated the world in May 2018. The ceremony, held at St George's Chapel in Windsor Castle, blended tradition with modernity, symbolizing a new chapter in the British royal family. Meghan Markle, an American actress, became the Duchess of Sussex, and the event showcased cultural diversity and inclusivity. The Royal Wedding was a global spectacle, watched by millions, and its significance extended beyond the royal family, emphasizing themes of love, unity, and the evolving nature of royal engagements in the modern era. The couple's subsequent public engagements and philanthropic efforts continued to capture public interest.",The Royal Wedding of Prince Harry and Meghan Markle captivated the world in May The ceremony held at St George's Chapel in Windsor Castle blended tradition with modernity symbolizing a new chapter in the British royal family Meghan Markle an American actress became the Duchess of Sussex and the event showcased cultural diversity and inclusivity The Royal Wedding was a global spectacle watched by millions and its significance extended beyond the royal family emphasizing themes of love unity and the evolving nature of royal engagements in the modern era The couple's subsequent public engagements and philanthropic efforts continued to capture public interest,"['royal', 'wedding', 'prince', 'harry', 'meghan', 'markle', 'captivated', 'world', 'may', 'ceremony', 'held', 'st', 'george', ""'s"", 'chapel', 'windsor', 'castle', 'blended', 'tradition', 'modernity', 'symbolizing', 'new', 'chapter', 'british', 'royal', 'family', 'meghan', 'markle', 'american', 'actress', 'became', 'duchess', 'sussex', 'event', 'showcased', 'cultural', 'diversity', 'inclusivity', 'royal', 'wedding', 'global', 'spectacle', 'watched', 'million', 'significance', 'extended', 'beyond', 'royal', 'family', 'emphasizing', 'theme', 'love', 'unity', 'evolving', 'nature', 'royal', 'engagement', 'modern', 'era', 'couple', ""'s"", 'subsequent', 'public', 'engagement', 'philanthropic', 'effort', 'continued', 'capture', 'public', 'interest']",0,moderate,0,0
18,Please provide a one paragraph summary of each of the following 2018 news topics and store it in a table with one column for the topic name and the other column for the summary:,Event,2018,Olympic Medal Count,"The 2018 Winter Olympics, held in Pyeongchang, South Korea, featured intense competition among athletes from around the world. The Olympic Medal Count tallied the successes of countries in various winter sports disciplines. Norway led the medal count, showcasing excellence in events such as skiing and biathlon. The Olympics celebrated athletic achievement, sportsmanship, and international cooperation, bringing nations together through the shared love of winter sports. The medal count reflected the prowess of athletes and the competitive spirit that defines the Olympic Games, fostering unity and camaraderie on the global stage.",The Winter Olympics held in Pyeongchang South Korea featured intense competition among athletes from around the world The Olympic Medal Count tallied the successes of countries in various winter sports disciplines Norway led the medal count showcasing excellence in events such as skiing and biathlon The Olympics celebrated athletic achievement sportsmanship and international cooperation bringing nations together through the shared love of winter sports The medal count reflected the prowess of athletes and the competitive spirit that defines the Olympic Games fostering unity and camaraderie on the global stage,"['winter', 'olympics', 'held', 'pyeongchang', 'south', 'korea', 'featured', 'intense', 'competition', 'among', 'athlete', 'around', 'world', 'olympic', 'medal', 'count', 'tallied', 'success', 'country', 'various', 'winter', 'sport', 'discipline', 'norway', 'led', 'medal', 'count', 'showcasing', 'excellence', 'event', 'skiing', 'biathlon', 'olympics', 'celebrated', 'athletic', 'achievement', 'sportsmanship', 'international', 'cooperation', 'bringing', 'nation', 'together', 'shared', 'love', 'winter', 'sport', 'medal', 'count', 'reflected', 'prowess', 'athlete', 'competitive', 'spirit', 'defines', 'olympic', 'game', 'fostering', 'unity', 'camaraderie', 'global', 'stage']",0,moderate,0,0
19,Please provide a one paragraph summary of each of the following 2018 news topics and store it in a table with one column for the topic name and the other column for the summary:,Event,2018,Government Shutdown,"The U.S. government experienced a brief shutdown in January 2018, marking the first funding gap of the year. The impasse centered around disagreements in Congress regarding immigration policy, particularly the Deferred Action for Childhood Arrivals (DACA) program. The government shutdown resulted in the temporary suspension of non-essential services and furloughs for federal employees. The episode underscored the challenges of partisan politics and the complexity of addressing contentious issues within the broader context of government funding. The temporary nature of the shutdown highlighted the need for sustainable budgetary solutions to prevent future disruptions in essential government functions.",The U S government experienced a brief shutdown in January marking the first funding gap of the year The impasse centered around disagreements in Congress regarding immigration policy particularly the Deferred Action for Childhood Arrivals DACA program The government shutdown resulted in the temporary suspension of non essential services and furloughs for federal employees The episode underscored the challenges of partisan politics and the complexity of addressing contentious issues within the broader context of government funding The temporary nature of the shutdown highlighted the need for sustainable budgetary solutions to prevent future disruptions in essential government functions,"['u', 'government', 'experienced', 'brief', 'shutdown', 'january', 'marking', 'first', 'funding', 'gap', 'year', 'impasse', 'centered', 'around', 'disagreement', 'congress', 'regarding', 'immigration', 'policy', 'particularly', 'deferred', 'action', 'childhood', 'arrival', 'daca', 'program', 'government', 'shutdown', 'resulted', 'temporary', 'suspension', 'non', 'essential', 'service', 'furlough', 'federal', 'employee', 'episode', 'underscored', 'challenge', 'partisan', 'politics', 'complexity', 'addressing', 'contentious', 'issue', 'within', 'broader', 'context', 'government', 'funding', 'temporary', 'nature', 'shutdown', 'highlighted', 'need', 'sustainable', 'budgetary', 'solution', 'prevent', 'future', 'disruption', 'essential', 'government', 'function']",0,moderate,0,1
20,Please provide a one paragraph summary of each of the following 2017 news topics and store it in a table with one column for the topic name and the other column for the summary:,Event,2017,Hurricane Irma,"In 2017, Hurricane Irma, a powerful Category 5 hurricane, wreaked havoc across the Caribbean and southeastern United States. With sustained winds reaching record levels, the storm caused widespread devastation and forced mass evacuations. The impact was particularly severe in Florida, where communities faced storm surges, flooding, and wind damage. Irma highlighted the importance of hurricane preparedness and emergency response, underscoring the need for resilient infrastructure to mitigate the impact of such natural disasters on vulnerable regions.",In Hurricane Irma a powerful Category hurricane wreaked havoc across the Caribbean and southeastern United States With sustained winds reaching record levels the storm caused widespread devastation and forced mass evacuations The impact was particularly severe in Florida where communities faced storm surges flooding and wind damage Irma highlighted the importance of hurricane preparedness and emergency response underscoring the need for resilient infrastructure to mitigate the impact of such natural disasters on vulnerable regions,"['hurricane', 'irma', 'powerful', 'category', 'hurricane', 'wreaked', 'havoc', 'across', 'caribbean', 'southeastern', 'united', 'state', 'sustained', 'wind', 'reaching', 'record', 'level', 'storm', 'caused', 'widespread', 'devastation', 'forced', 'mass', 'evacuation', 'impact', 'particularly', 'severe', 'florida', 'community', 'faced', 'storm', 'surge', 'flooding', 'wind', 'damage', 'irma', 'highlighted', 'importance', 'hurricane', 'preparedness', 'emergency', 'response', 'underscoring', 'need', 'resilient', 'infrastructure', 'mitigate', 'impact', 'natural', 'disaster', 'vulnerable', 'region']",0,moderate,0,0
21,Please provide a one paragraph summary of each of the following 2017 news topics and store it in a table with one column for the topic name and the other column for the summary:,Event,2017,Las Vegas shooting,"The Las Vegas shooting, occurring in October 2017, became the deadliest mass shooting in modern U.S. history. A lone gunman opened fire from a hotel room onto a crowd attending a music festival on the Las Vegas Strip, resulting in numerous casualties and injuries. The incident reignited discussions on gun control, public safety, and the challenges of preventing such acts of violence. The tragedy prompted a nationwide reflection on the need for comprehensive measures to address gun violence and enhance security at large public events.",The Las Vegas shooting occurring in October became the deadliest mass shooting in modern U S history A lone gunman opened fire from a hotel room onto a crowd attending a music festival on the Las Vegas Strip resulting in numerous casualties and injuries The incident reignited discussions on gun control public safety and the challenges of preventing such acts of violence The tragedy prompted a nationwide reflection on the need for comprehensive measures to address gun violence and enhance security at large public events,"['la', 'vega', 'shooting', 'occurring', 'october', 'became', 'deadliest', 'mass', 'shooting', 'modern', 'u', 'history', 'lone', 'gunman', 'opened', 'fire', 'hotel', 'room', 'onto', 'crowd', 'attending', 'music', 'festival', 'la', 'vega', 'strip', 'resulting', 'numerous', 'casualty', 'injury', 'incident', 'reignited', 'discussion', 'gun', 'control', 'public', 'safety', 'challenge', 'preventing', 'act', 'violence', 'tragedy', 'prompted', 'nationwide', 'reflection', 'need', 'comprehensive', 'measure', 'address', 'gun', 'violence', 'enhance', 'security', 'large', 'public', 'event']",1,conservative,0,1
22,Please provide a one paragraph summary of each of the following 2017 news topics and store it in a table with one column for the topic name and the other column for the summary:,Event,2017,Solar Eclipse,"The total solar eclipse of August 2017 captivated millions as it swept across the continental United States from coast to coast. Dubbed the ""Great American Eclipse,"" the celestial event garnered widespread enthusiasm and prompted gatherings of skywatchers. People from various regions witnessed the sun being completely obscured by the moon, creating a rare and awe-inspiring spectacle. The solar eclipse served as a moment of scientific wonder and community engagement, as individuals across the country came together to share in the experience and celebrate the marvels of the universe.",The total solar eclipse of August captivated millions as it swept across the continental United States from coast to coast Dubbed the Great American Eclipse the celestial event garnered widespread enthusiasm and prompted gatherings of skywatchers People from various regions witnessed the sun being completely obscured by the moon creating a rare and awe inspiring spectacle The solar eclipse served as a moment of scientific wonder and community engagement as individuals across the country came together to share in the experience and celebrate the marvels of the universe,"['total', 'solar', 'eclipse', 'august', 'captivated', 'million', 'swept', 'across', 'continental', 'united', 'state', 'coast', 'coast', 'dubbed', 'great', 'american', 'eclipse', 'celestial', 'event', 'garnered', 'widespread', 'enthusiasm', 'prompted', 'gathering', 'skywatchers', 'people', 'various', 'region', 'witnessed', 'sun', 'completely', 'obscured', 'moon', 'creating', 'rare', 'awe', 'inspiring', 'spectacle', 'solar', 'eclipse', 'served', 'moment', 'scientific', 'wonder', 'community', 'engagement', 'individual', 'across', 'country', 'came', 'together', 'share', 'experience', 'celebrate', 'marvel', 'universe']",2,liberal,0,0
23,Please provide a one paragraph summary of each of the following 2017 news topics and store it in a table with one column for the topic name and the other column for the summary:,Event,2017,Hurricane Harvey,"Hurricane Harvey, a Category 4 hurricane, made landfall in Texas in August 2017, causing unprecedented flooding in Houston and other parts of the state. The storm's slow movement amplified its impact, leading to extensive rainfall and catastrophic flooding. The response to Harvey showcased the resilience of affected communities and the importance of coordinated disaster relief efforts. The hurricane highlighted the vulnerabilities of urban areas to extreme weather events and the need for comprehensive flood management strategies in the face of climate change.",Hurricane Harvey a Category hurricane made landfall in Texas in August causing unprecedented flooding in Houston and other parts of the state The storm's slow movement amplified its impact leading to extensive rainfall and catastrophic flooding The response to Harvey showcased the resilience of affected communities and the importance of coordinated disaster relief efforts The hurricane highlighted the vulnerabilities of urban areas to extreme weather events and the need for comprehensive flood management strategies in the face of climate change,"['hurricane', 'harvey', 'category', 'hurricane', 'made', 'landfall', 'texas', 'august', 'causing', 'unprecedented', 'flooding', 'houston', 'part', 'state', 'storm', ""'s"", 'slow', 'movement', 'amplified', 'impact', 'leading', 'extensive', 'rainfall', 'catastrophic', 'flooding', 'response', 'harvey', 'showcased', 'resilience', 'affected', 'community', 'importance', 'coordinated', 'disaster', 'relief', 'effort', 'hurricane', 'highlighted', 'vulnerability', 'urban', 'area', 'extreme', 'weather', 'event', 'need', 'comprehensive', 'flood', 'management', 'strategy', 'face', 'climate', 'change']",0,moderate,0,0
24,Please provide a one paragraph summary of each of the following 2017 news topics and store it in a table with one column for the topic name and the other column for the summary:,Event,2017,Bitcoin Price,"In 2017, the price of Bitcoin, the most well-known cryptocurrency, experienced a remarkable surge, reaching unprecedented levels. Bitcoin's value skyrocketed, drawing widespread attention and fueling discussions about the future of digital currencies. The surge in Bitcoin's price contributed to increased interest in blockchain technology and cryptocurrencies as alternative forms of investment. The phenomenon also raised questions about the sustainability and regulation of digital assets in financial markets, shaping ongoing debates about the role of cryptocurrencies in the global economy.",In the price of Bitcoin the most well known cryptocurrency experienced a remarkable surge reaching unprecedented levels Bitcoin's value skyrocketed drawing widespread attention and fueling discussions about the future of digital currencies The surge in Bitcoin's price contributed to increased interest in blockchain technology and cryptocurrencies as alternative forms of investment The phenomenon also raised questions about the sustainability and regulation of digital assets in financial markets shaping ongoing debates about the role of cryptocurrencies in the global economy,"['price', 'bitcoin', 'well', 'known', 'cryptocurrency', 'experienced', 'remarkable', 'surge', 'reaching', 'unprecedented', 'level', 'bitcoin', ""'s"", 'value', 'skyrocketed', 'drawing', 'widespread', 'attention', 'fueling', 'discussion', 'future', 'digital', 'currency', 'surge', 'bitcoin', ""'s"", 'price', 'contributed', 'increased', 'interest', 'blockchain', 'technology', 'cryptocurrencies', 'alternative', 'form', 'investment', 'phenomenon', 'also', 'raised', 'question', 'sustainability', 'regulation', 'digital', 'asset', 'financial', 'market', 'shaping', 'ongoing', 'debate', 'role', 'cryptocurrencies', 'global', 'economy']",0,moderate,0,0
25,Please provide a one paragraph summary of each of the following 2017 news topics and store it in a table with one column for the topic name and the other column for the summary:,Event,2017,North Korea,"The escalating tensions with North Korea were a major geopolitical concern in 2017. North Korea conducted several ballistic missile tests and claimed to have successfully tested a hydrogen bomb, heightening international anxieties. The situation led to increased diplomatic efforts, sanctions, and discussions about the potential for military conflict. The North Korea issue underscored the challenges of nuclear proliferation and the importance of diplomatic solutions to address security threats in the Asia-Pacific region. The geopolitical dynamics surrounding North Korea remained a focal point of global attention, with ongoing efforts to find a peaceful resolution to the complex and sensitive issues involved.",The escalating tensions with North Korea were a major geopolitical concern in North Korea conducted several ballistic missile tests and claimed to have successfully tested a hydrogen bomb heightening international anxieties The situation led to increased diplomatic efforts sanctions and discussions about the potential for military conflict The North Korea issue underscored the challenges of nuclear proliferation and the importance of diplomatic solutions to address security threats in the Asia Pacific region The geopolitical dynamics surrounding North Korea remained a focal point of global attention with ongoing efforts to find a peaceful resolution to the complex and sensitive issues involved,"['escalating', 'tension', 'north', 'korea', 'major', 'geopolitical', 'concern', 'north', 'korea', 'conducted', 'several', 'ballistic', 'missile', 'test', 'claimed', 'successfully', 'tested', 'hydrogen', 'bomb', 'heightening', 'international', 'anxiety', 'situation', 'led', 'increased', 'diplomatic', 'effort', 'sanction', 'discussion', 'potential', 'military', 'conflict', 'north', 'korea', 'issue', 'underscored', 'challenge', 'nuclear', 'proliferation', 'importance', 'diplomatic', 'solution', 'address', 'security', 'threat', 'asia', 'pacific', 'region', 'geopolitical', 'dynamic', 'surrounding', 'north', 'korea', 'remained', 'focal', 'point', 'global', 'attention', 'ongoing', 'effort', 'find', 'peaceful', 'resolution', 'complex', 'sensitive', 'issue', 'involved']",0,moderate,1,1
26,Please provide a one paragraph summary of each of the following 2017 news topics and store it in a table with one column for the topic name and the other column for the summary:,Event,2017,Hurricane Jose,"Following closely on the heels of Hurricane Irma, Hurricane Jose was a Category 4 storm that also threatened the Caribbean and the eastern United States in 2017. While it did not make direct landfall, the hurricane generated concerns and necessitated preparedness measures in areas still recovering from Irma. The consecutive threats from powerful hurricanes underscored the intensity of the 2017 Atlantic hurricane season and the challenges faced by communities dealing with multiple storm impacts.",Following closely on the heels of Hurricane Irma Hurricane Jose was a Category storm that also threatened the Caribbean and the eastern United States in While it did not make direct landfall the hurricane generated concerns and necessitated preparedness measures in areas still recovering from Irma The consecutive threats from powerful hurricanes underscored the intensity of the Atlantic hurricane season and the challenges faced by communities dealing with multiple storm impacts,"['following', 'closely', 'heel', 'hurricane', 'irma', 'hurricane', 'jose', 'category', 'storm', 'also', 'threatened', 'caribbean', 'eastern', 'united', 'state', 'make', 'direct', 'landfall', 'hurricane', 'generated', 'concern', 'necessitated', 'preparedness', 'measure', 'area', 'still', 'recovering', 'irma', 'consecutive', 'threat', 'powerful', 'hurricane', 'underscored', 'intensity', 'atlantic', 'hurricane', 'season', 'challenge', 'faced', 'community', 'dealing', 'multiple', 'storm', 'impact']",0,moderate,0,0
27,Please provide a one paragraph summary of each of the following 2017 news topics and store it in a table with one column for the topic name and the other column for the summary:,Event,2017,Hurricane Maria,"Hurricane Maria, a Category 5 hurricane, struck the Caribbean in September 2017, causing catastrophic damage to Puerto Rico. The storm's impact exacerbated existing challenges, leading to widespread power outages, limited access to clean water, and significant infrastructure damage. Maria prompted a humanitarian crisis and drew attention to the unequal distribution of resources and assistance in the aftermath of natural disasters. The recovery efforts in Puerto Rico highlighted the need for robust disaster preparedness and the importance of equitable and efficient responses to support communities in the face of severe weather events.",Hurricane Maria a Category hurricane struck the Caribbean in September causing catastrophic damage to Puerto Rico The storm's impact exacerbated existing challenges leading to widespread power outages limited access to clean water and significant infrastructure damage Maria prompted a humanitarian crisis and drew attention to the unequal distribution of resources and assistance in the aftermath of natural disasters The recovery efforts in Puerto Rico highlighted the need for robust disaster preparedness and the importance of equitable and efficient responses to support communities in the face of severe weather events,"['hurricane', 'maria', 'category', 'hurricane', 'struck', 'caribbean', 'september', 'causing', 'catastrophic', 'damage', 'puerto', 'rico', 'storm', ""'s"", 'impact', 'exacerbated', 'existing', 'challenge', 'leading', 'widespread', 'power', 'outage', 'limited', 'access', 'clean', 'water', 'significant', 'infrastructure', 'damage', 'maria', 'prompted', 'humanitarian', 'crisis', 'drew', 'attention', 'unequal', 'distribution', 'resource', 'assistance', 'aftermath', 'natural', 'disaster', 'recovery', 'effort', 'puerto', 'rico', 'highlighted', 'need', 'robust', 'disaster', 'preparedness', 'importance', 'equitable', 'efficient', 'response', 'support', 'community', 'face', 'severe', 'weather', 'event']",0,moderate,0,0
28,Please provide a one paragraph summary of each of the following 2017 news topics and store it in a table with one column for the topic name and the other column for the summary:,Event,2017,April the Giraffe,"April the Giraffe became an internet sensation in 2017 as millions tuned in to live-stream footage of her pregnancy and eventual birth at Animal Adventure Park in New York. The giraffe's journey captivated viewers worldwide, creating a social media phenomenon and highlighting the power of online communities to share in collective experiences. April's story served as a lighthearted and positive distraction from the year's more serious news events, showcasing the internet's ability to unite people in shared moments of joy and fascination.",April the Giraffe became an internet sensation in as millions tuned in to live stream footage of her pregnancy and eventual birth at Animal Adventure Park in New York The giraffe's journey captivated viewers worldwide creating a social media phenomenon and highlighting the power of online communities to share in collective experiences April's story served as a lighthearted and positive distraction from the year's more serious news events showcasing the internet's ability to unite people in shared moments of joy and fascination,"['april', 'giraffe', 'became', 'internet', 'sensation', 'million', 'tuned', 'live', 'stream', 'footage', 'pregnancy', 'eventual', 'birth', 'animal', 'adventure', 'park', 'new', 'york', 'giraffe', ""'s"", 'journey', 'captivated', 'viewer', 'worldwide', 'creating', 'social', 'medium', 'phenomenon', 'highlighting', 'power', 'online', 'community', 'share', 'collective', 'experience', 'april', ""'s"", 'story', 'served', 'lighthearted', 'positive', 'distraction', 'year', ""'s"", 'serious', 'news', 'event', 'showcasing', 'internet', ""'s"", 'ability', 'unite', 'people', 'shared', 'moment', 'joy', 'fascination']",0,moderate,0,0
29,Please provide a one paragraph summary of each of the following 2017 news topics and store it in a table with one column for the topic name and the other column for the summary:,Event,2017,DACA,"The Deferred Action for Childhood Arrivals (DACA) program faced uncertainty and controversy in 2017 as the Trump administration announced plans to end the program. DACA, implemented in 2012, protected undocumented individuals brought to the U.S. as children from deportation and provided them with work permits. The potential termination of DACA sparked nationwide protests and legal challenges, drawing attention to the plight of Dreamers and the ongoing debates surrounding immigration policy in the United States. The issue remained a focal point of political discussions, with calls for legislative solutions to address the status and future of DACA recipients.",The Deferred Action for Childhood Arrivals DACA program faced uncertainty and controversy in as the Trump administration announced plans to end the program DACA implemented in protected undocumented individuals brought to the U S as children from deportation and provided them with work permits The potential termination of DACA sparked nationwide protests and legal challenges drawing attention to the plight of Dreamers and the ongoing debates surrounding immigration policy in the United States The issue remained a focal point of political discussions with calls for legislative solutions to address the status and future of DACA recipients,"['deferred', 'action', 'childhood', 'arrival', 'daca', 'program', 'faced', 'uncertainty', 'controversy', 'trump', 'administration', 'announced', 'plan', 'end', 'program', 'daca', 'implemented', 'protected', 'undocumented', 'individual', 'brought', 'u', 'child', 'deportation', 'provided', 'work', 'permit', 'potential', 'termination', 'daca', 'sparked', 'nationwide', 'protest', 'legal', 'challenge', 'drawing', 'attention', 'plight', 'dreamer', 'ongoing', 'debate', 'surrounding', 'immigration', 'policy', 'united', 'state', 'issue', 'remained', 'focal', 'point', 'political', 'discussion', 'call', 'legislative', 'solution', 'address', 'status', 'future', 'daca', 'recipient']",2,liberal,1,1
30,Please provide a one paragraph summary of each of the following 2017 news topics and store it in a table with one column for the topic name and the other column for the summary:,Event,2017,Charlottesville,"The events in Charlottesville in August 2017 were marked by a white supremacist rally and counter-protests, resulting in violent clashes and the death of Heather Heyer. The rally, organized by white nationalist groups, sparked national outrage and reignited discussions about racism, hate groups, and the state of race relations in the United States. The incident prompted debates about the limits of free speech and the need to confront and address systemic issues of discrimination and intolerance in American society. Charlottesville became a symbol of the ongoing struggle against racism and a call for unity in the face of divisive ideologies.",The events in Charlottesville in August were marked by a white supremacist rally and counter protests resulting in violent clashes and the death of Heather Heyer The rally organized by white nationalist groups sparked national outrage and reignited discussions about racism hate groups and the state of race relations in the United States The incident prompted debates about the limits of free speech and the need to confront and address systemic issues of discrimination and intolerance in American society Charlottesville became a symbol of the ongoing struggle against racism and a call for unity in the face of divisive ideologies,"['event', 'charlottesville', 'august', 'marked', 'white', 'supremacist', 'rally', 'counter', 'protest', 'resulting', 'violent', 'clash', 'death', 'heather', 'heyer', 'rally', 'organized', 'white', 'nationalist', 'group', 'sparked', 'national', 'outrage', 'reignited', 'discussion', 'racism', 'hate', 'group', 'state', 'race', 'relation', 'united', 'state', 'incident', 'prompted', 'debate', 'limit', 'free', 'speech', 'need', 'confront', 'address', 'systemic', 'issue', 'discrimination', 'intolerance', 'american', 'society', 'charlottesville', 'became', 'symbol', 'ongoing', 'struggle', 'racism', 'call', 'unity', 'face', 'divisive', 'ideology']",2,liberal,0,1
31,Please provide a one paragraph summary of each of the following 2018 news topics and store it in a table with one column for the topic name and the other column for the summary:,Event,2018,Iranian Nuclear Deal,"The Iranian Nuclear Deal, formally known as the Joint Comprehensive Plan of Action (JCPOA), was a landmark agreement reached in 2015 between Iran and several world powers, including the United States, aimed at curbing Iran's nuclear program in exchange for sanctions relief. In May 2018, the Trump administration announced the U.S. withdrawal from the deal, citing concerns about its effectiveness and Iran's regional activities. The decision sparked international reactions and raised questions about the future of diplomatic efforts to address Iran's nuclear ambitions. The withdrawal strained diplomatic relations and contributed to heightened tensions in the Middle East, underscoring the complexities of managing nuclear proliferation concerns on the global stage.",The Iranian Nuclear Deal formally known as the Joint Comprehensive Plan of Action JCPOA was a landmark agreement reached in between Iran and several world powers including the United States aimed at curbing Iran's nuclear program in exchange for sanctions relief In May the Trump administration announced the U S withdrawal from the deal citing concerns about its effectiveness and Iran's regional activities The decision sparked international reactions and raised questions about the future of diplomatic efforts to address Iran's nuclear ambitions The withdrawal strained diplomatic relations and contributed to heightened tensions in the Middle East underscoring the complexities of managing nuclear proliferation concerns on the global stage,"['iranian', 'nuclear', 'deal', 'formally', 'known', 'joint', 'comprehensive', 'plan', 'action', 'jcpoa', 'landmark', 'agreement', 'reached', 'iran', 'several', 'world', 'power', 'including', 'united', 'state', 'aimed', 'curbing', 'iran', ""'s"", 'nuclear', 'program', 'exchange', 'sanction', 'relief', 'may', 'trump', 'administration', 'announced', 'u', 'withdrawal', 'deal', 'citing', 'concern', 'effectiveness', 'iran', ""'s"", 'regional', 'activity', 'decision', 'sparked', 'international', 'reaction', 'raised', 'question', 'future', 'diplomatic', 'effort', 'address', 'iran', ""'s"", 'nuclear', 'ambition', 'withdrawal', 'strained', 'diplomatic', 'relation', 'contributed', 'heightened', 'tension', 'middle', 'east', 'underscoring', 'complexity', 'managing', 'nuclear', 'proliferation', 'concern', 'global', 'stage']",1,conservative,1,1
32,Please provide a one paragraph summary of each of the following 2018 news topics and store it in a table with one column for the topic name and the other column for the summary:,Event,2018,Russia's Involvement in US Elections,"The investigation into Russia's involvement in the 2016 U.S. elections dominated headlines from 2017 to 2018. Special Counsel Robert Mueller led the probe, examining Russian interference in the electoral process, possible collusion with members of the Trump campaign, and potential obstruction of justice. The investigation produced indictments and convictions of individuals connected to Russian interference, heightening concerns about foreign influence in democratic processes. The issue sparked intense political debates about the integrity of the election system, cybersecurity, and the nature of U.S.-Russia relations. The investigation's findings and implications continued to shape discussions about election security, disinformation campaigns, and the impact of foreign interference on democratic institutions, emphasizing the need for vigilance in safeguarding electoral processes from external manipulation.",The investigation into Russia's involvement in the U S elections dominated headlines from to Special Counsel Robert Mueller led the probe examining Russian interference in the electoral process possible collusion with members of the Trump campaign and potential obstruction of justice The investigation produced indictments and convictions of individuals connected to Russian interference heightening concerns about foreign influence in democratic processes The issue sparked intense political debates about the integrity of the election system cybersecurity and the nature of U S Russia relations The investigation's findings and implications continued to shape discussions about election security disinformation campaigns and the impact of foreign interference on democratic institutions emphasizing the need for vigilance in safeguarding electoral processes from external manipulation,"['investigation', 'russia', ""'s"", 'involvement', 'u', 'election', 'dominated', 'headline', 'special', 'counsel', 'robert', 'mueller', 'led', 'probe', 'examining', 'russian', 'interference', 'electoral', 'process', 'possible', 'collusion', 'member', 'trump', 'campaign', 'potential', 'obstruction', 'justice', 'investigation', 'produced', 'indictment', 'conviction', 'individual', 'connected', 'russian', 'interference', 'heightening', 'concern', 'foreign', 'influence', 'democratic', 'process', 'issue', 'sparked', 'intense', 'political', 'debate', 'integrity', 'election', 'system', 'cybersecurity', 'nature', 'u', 'russia', 'relation', 'investigation', ""'s"", 'finding', 'implication', 'continued', 'shape', 'discussion', 'election', 'security', 'disinformation', 'campaign', 'impact', 'foreign', 'interference', 'democratic', 'institution', 'emphasizing', 'need', 'vigilance', 'safeguarding', 'electoral', 'process', 'external', 'manipulation']",2,liberal,1,1
33,Please provide a one paragraph summary of each of the following 2017 - 2019 news topics and store it in a table with one column for the topic name and the other column for the summary:,Issue,2017 - 2019,Climate Change,"Climate change, a critical global issue, remained at the forefront of discussions from 2017 to 2019. The period saw heightened awareness of the environmental challenges posed by rising global temperatures, extreme weather events, and melting ice caps. International efforts, such as the Paris Agreement, aimed to address climate change through coordinated action. The urgency to reduce carbon emissions, transition to renewable energy sources, and adapt to the impacts of climate change underscored the importance of global cooperation in confronting this existential threat to the planet.",Climate change a critical global issue remained at the forefront of discussions from to The period saw heightened awareness of the environmental challenges posed by rising global temperatures extreme weather events and melting ice caps International efforts such as the Paris Agreement aimed to address climate change through coordinated action The urgency to reduce carbon emissions transition to renewable energy sources and adapt to the impacts of climate change underscored the importance of global cooperation in confronting this existential threat to the planet,"['climate', 'change', 'critical', 'global', 'issue', 'remained', 'forefront', 'discussion', 'period', 'saw', 'heightened', 'awareness', 'environmental', 'challenge', 'posed', 'rising', 'global', 'temperature', 'extreme', 'weather', 'event', 'melting', 'ice', 'cap', 'international', 'effort', 'paris', 'agreement', 'aimed', 'address', 'climate', 'change', 'coordinated', 'action', 'urgency', 'reduce', 'carbon', 'emission', 'transition', 'renewable', 'energy', 'source', 'adapt', 'impact', 'climate', 'change', 'underscored', 'importance', 'global', 'cooperation', 'confronting', 'existential', 'threat', 'planet']",0,moderate,1,1
34,Please provide a one paragraph summary of each of the following 2017 - 2019 news topics and store it in a table with one column for the topic name and the other column for the summary:,Issue,2018 - 2019,Trans Rights,"The issue of transgender rights gained prominence during this period, with ongoing debates and legal battles over discrimination, healthcare access, and the rights of transgender individuals. Advocacy efforts aimed to secure equal rights and protections, challenging discriminatory policies and fostering greater societal acceptance. The struggles for transgender rights included battles for inclusive policies in education, healthcare, and the workplace, emphasizing the importance of recognizing and affirming the rights of transgender individuals in various aspects of public life.",The issue of transgender rights gained prominence during this period with ongoing debates and legal battles over discrimination healthcare access and the rights of transgender individuals Advocacy efforts aimed to secure equal rights and protections challenging discriminatory policies and fostering greater societal acceptance The struggles for transgender rights included battles for inclusive policies in education healthcare and the workplace emphasizing the importance of recognizing and affirming the rights of transgender individuals in various aspects of public life,"['issue', 'transgender', 'right', 'gained', 'prominence', 'period', 'ongoing', 'debate', 'legal', 'battle', 'discrimination', 'healthcare', 'access', 'right', 'transgender', 'individual', 'advocacy', 'effort', 'aimed', 'secure', 'equal', 'right', 'protection', 'challenging', 'discriminatory', 'policy', 'fostering', 'greater', 'societal', 'acceptance', 'struggle', 'transgender', 'right', 'included', 'battle', 'inclusive', 'policy', 'education', 'healthcare', 'workplace', 'emphasizing', 'importance', 'recognizing', 'affirming', 'right', 'transgender', 'individual', 'various', 'aspect', 'public', 'life']",0,moderate,0,1
35,Please provide a one paragraph summary of each of the following 2017 - 2019 news topics and store it in a table with one column for the topic name and the other column for the summary:,Issue,2019 - 2019,Gun Laws,"Gun laws in the United States remained a contentious and highly debated topic during the years 2017 to 2019. Mass shootings, such as those in Las Vegas and Parkland, intensified discussions about the need for comprehensive gun control measures. Advocates called for stricter background checks, limitations on high-capacity magazines, and a ban on assault weapons to address the epidemic of gun violence. The debate highlighted the tension between Second Amendment rights and public safety concerns, with ongoing efforts to find a balance that would reduce gun-related tragedies while respecting constitutional rights.",Gun laws in the United States remained a contentious and highly debated topic during the years to Mass shootings such as those in Las Vegas and Parkland intensified discussions about the need for comprehensive gun control measures Advocates called for stricter background checks limitations on high capacity magazines and a ban on assault weapons to address the epidemic of gun violence The debate highlighted the tension between Second Amendment rights and public safety concerns with ongoing efforts to find a balance that would reduce gun related tragedies while respecting constitutional rights,"['gun', 'law', 'united', 'state', 'remained', 'contentious', 'highly', 'debated', 'topic', 'year', 'mass', 'shooting', 'la', 'vega', 'parkland', 'intensified', 'discussion', 'need', 'comprehensive', 'gun', 'control', 'measure', 'advocate', 'called', 'stricter', 'background', 'check', 'limitation', 'high', 'capacity', 'magazine', 'ban', 'assault', 'weapon', 'address', 'epidemic', 'gun', 'violence', 'debate', 'highlighted', 'tension', 'second', 'amendment', 'right', 'public', 'safety', 'concern', 'ongoing', 'effort', 'find', 'balance', 'would', 'reduce', 'gun', 'related', 'tragedy', 'respecting', 'constitutional', 'right']",2,liberal,0,1
36,Please provide a one paragraph summary of each of the following 2017 - 2019 news topics and store it in a table with one column for the topic name and the other column for the summary:,Issue,2020 - 2019,Police Shootings,"Incidents of police shootings, particularly those involving unarmed individuals, continued to fuel discussions about police accountability, systemic racism, and the need for criminal justice reform. The Black Lives Matter movement persisted in calling attention to cases of police brutality and advocating for changes in policing practices. The debate encompassed issues such as de-escalation training, community policing, and the role of law enforcement in marginalized communities. The demand for transparency, accountability, and reform in policing underscored the ongoing challenges in addressing racial disparities and rebuilding trust between law enforcement and the communities they serve.",Incidents of police shootings particularly those involving unarmed individuals continued to fuel discussions about police accountability systemic racism and the need for criminal justice reform The Black Lives Matter movement persisted in calling attention to cases of police brutality and advocating for changes in policing practices The debate encompassed issues such as de escalation training community policing and the role of law enforcement in marginalized communities The demand for transparency accountability and reform in policing underscored the ongoing challenges in addressing racial disparities and rebuilding trust between law enforcement and the communities they serve,"['incident', 'police', 'shooting', 'particularly', 'involving', 'unarmed', 'individual', 'continued', 'fuel', 'discussion', 'police', 'accountability', 'systemic', 'racism', 'need', 'criminal', 'justice', 'reform', 'black', 'life', 'matter', 'movement', 'persisted', 'calling', 'attention', 'case', 'police', 'brutality', 'advocating', 'change', 'policing', 'practice', 'debate', 'encompassed', 'issue', 'de', 'escalation', 'training', 'community', 'policing', 'role', 'law', 'enforcement', 'marginalized', 'community', 'demand', 'transparency', 'accountability', 'reform', 'policing', 'underscored', 'ongoing', 'challenge', 'addressing', 'racial', 'disparity', 'rebuilding', 'trust', 'law', 'enforcement', 'community', 'serve']",2,liberal,0,1
37,Please provide a one paragraph summary of each of the following 2017 - 2019 news topics and store it in a table with one column for the topic name and the other column for the summary:,Issue,2021 - 2019,Election Interference,"Concerns about election security and integrity gained prominence following foreign interference in the 2016 U.S. presidential election. The period from 2017 to 2019 witnessed heightened attention to safeguarding elections from cyber threats, disinformation campaigns, and foreign influence. Efforts focused on enhancing cybersecurity, securing voting systems, and promoting transparency in electoral processes. The discussion around election security underscored the importance of protecting democratic institutions and ensuring the integrity of elections in the face of evolving technological challenges and geopolitical tensions.",Concerns about election security and integrity gained prominence following foreign interference in the U S presidential election The period from to witnessed heightened attention to safeguarding elections from cyber threats disinformation campaigns and foreign influence Efforts focused on enhancing cybersecurity securing voting systems and promoting transparency in electoral processes The discussion around election security underscored the importance of protecting democratic institutions and ensuring the integrity of elections in the face of evolving technological challenges and geopolitical tensions,"['concern', 'election', 'security', 'integrity', 'gained', 'prominence', 'following', 'foreign', 'interference', 'u', 'presidential', 'election', 'period', 'witnessed', 'heightened', 'attention', 'safeguarding', 'election', 'cyber', 'threat', 'disinformation', 'campaign', 'foreign', 'influence', 'effort', 'focused', 'enhancing', 'cybersecurity', 'securing', 'voting', 'system', 'promoting', 'transparency', 'electoral', 'process', 'discussion', 'around', 'election', 'security', 'underscored', 'importance', 'protecting', 'democratic', 'institution', 'ensuring', 'integrity', 'election', 'face', 'evolving', 'technological', 'challenge', 'geopolitical', 'tension']",2,liberal,1,1
38,Please provide a one paragraph summary of each of the following 2017 - 2019 news topics and store it in a table with one column for the topic name and the other column for the summary:,Issue,2022 - 2019,White Supremacy,"The rise of white supremacy and far-right extremism became a pressing issue during this period, marked by events like the Charlottesville rally in 2017. Acts of violence, hate crimes, and incidents of domestic terrorism linked to white supremacist ideologies raised concerns about the threat posed by extremist groups. The discussions encompassed the need to address the root causes of radicalization, counter hate speech, and strengthen efforts to combat domestic terrorism. The challenge of balancing free speech rights with the imperative to confront extremism underscored the complexities of addressing white supremacy and its impact on societal harmony.",The rise of white supremacy and far right extremism became a pressing issue during this period marked by events like the Charlottesville rally in Acts of violence hate crimes and incidents of domestic terrorism linked to white supremacist ideologies raised concerns about the threat posed by extremist groups The discussions encompassed the need to address the root causes of radicalization counter hate speech and strengthen efforts to combat domestic terrorism The challenge of balancing free speech rights with the imperative to confront extremism underscored the complexities of addressing white supremacy and its impact on societal harmony,"['rise', 'white', 'supremacy', 'far', 'right', 'extremism', 'became', 'pressing', 'issue', 'period', 'marked', 'event', 'like', 'charlottesville', 'rally', 'act', 'violence', 'hate', 'crime', 'incident', 'domestic', 'terrorism', 'linked', 'white', 'supremacist', 'ideology', 'raised', 'concern', 'threat', 'posed', 'extremist', 'group', 'discussion', 'encompassed', 'need', 'address', 'root', 'cause', 'radicalization', 'counter', 'hate', 'speech', 'strengthen', 'effort', 'combat', 'domestic', 'terrorism', 'challenge', 'balancing', 'free', 'speech', 'right', 'imperative', 'confront', 'extremism', 'underscored', 'complexity', 'addressing', 'white', 'supremacy', 'impact', 'societal', 'harmony']",0,moderate,0,1
39,Please provide a one paragraph summary of each of the following 2017 - 2019 news topics and store it in a table with one column for the topic name and the other column for the summary:,Issue,2023 - 2019,MeToo,"The #MeToo movement, which gained momentum in 2017, drew attention to the prevalence of sexual harassment and assault across various industries. Individuals, predominantly women, came forward with their experiences, leading to the exposure of high-profile perpetrators and a broader cultural reckoning with issues of power dynamics, consent, and workplace harassment. The movement prompted discussions about creating safer environments, promoting accountability, and challenging ingrained attitudes that perpetuate sexual misconduct. #MeToo became a catalyst for social change, inspiring movements globally and influencing conversations about gender equality, workplace culture, and the intersection of power and abuse.",The MeToo movement which gained momentum in drew attention to the prevalence of sexual harassment and assault across various industries Individuals predominantly women came forward with their experiences leading to the exposure of high profile perpetrators and a broader cultural reckoning with issues of power dynamics consent and workplace harassment The movement prompted discussions about creating safer environments promoting accountability and challenging ingrained attitudes that perpetuate sexual misconduct MeToo became a catalyst for social change inspiring movements globally and influencing conversations about gender equality workplace culture and the intersection of power and abuse,"['metoo', 'movement', 'gained', 'momentum', 'drew', 'attention', 'prevalence', 'sexual', 'harassment', 'assault', 'across', 'various', 'industry', 'individual', 'predominantly', 'woman', 'came', 'forward', 'experience', 'leading', 'exposure', 'high', 'profile', 'perpetrator', 'broader', 'cultural', 'reckoning', 'issue', 'power', 'dynamic', 'consent', 'workplace', 'harassment', 'movement', 'prompted', 'discussion', 'creating', 'safer', 'environment', 'promoting', 'accountability', 'challenging', 'ingrained', 'attitude', 'perpetuate', 'sexual', 'misconduct', 'metoo', 'became', 'catalyst', 'social', 'change', 'inspiring', 'movement', 'globally', 'influencing', 'conversation', 'gender', 'equality', 'workplace', 'culture', 'intersection', 'power', 'abuse']",0,moderate,0,1
40,Please provide a one paragraph summary of each of the following 2017 - 2019 news topics and store it in a table with one column for the topic name and the other column for the summary:,Issue,2024 - 2019,International Relations between US and Middle East,"The complex and multifaceted international relations between the United States and the Middle East remained a focal point from 2017 to 2019. The region witnessed ongoing conflicts, geopolitical shifts, and diplomatic developments. Issues such as the Syrian Civil War, the Gulf crisis, and the Iran nuclear deal contributed to a dynamic and often tense relationship between the U.S. and Middle Eastern nations. Discussions centered on military interventions, diplomatic strategies, and the pursuit of stability in a region of strategic importance, reflecting the challenges of navigating geopolitical complexities and pursuing U.S. interests in the Middle East.",The complex and multifaceted international relations between the United States and the Middle East remained a focal point from to The region witnessed ongoing conflicts geopolitical shifts and diplomatic developments Issues such as the Syrian Civil War the Gulf crisis and the Iran nuclear deal contributed to a dynamic and often tense relationship between the U S and Middle Eastern nations Discussions centered on military interventions diplomatic strategies and the pursuit of stability in a region of strategic importance reflecting the challenges of navigating geopolitical complexities and pursuing U S interests in the Middle East,"['complex', 'multifaceted', 'international', 'relation', 'united', 'state', 'middle', 'east', 'remained', 'focal', 'point', 'region', 'witnessed', 'ongoing', 'conflict', 'geopolitical', 'shift', 'diplomatic', 'development', 'issue', 'syrian', 'civil', 'war', 'gulf', 'crisis', 'iran', 'nuclear', 'deal', 'contributed', 'dynamic', 'often', 'tense', 'relationship', 'u', 'middle', 'eastern', 'nation', 'discussion', 'centered', 'military', 'intervention', 'diplomatic', 'strategy', 'pursuit', 'stability', 'region', 'strategic', 'importance', 'reflecting', 'challenge', 'navigating', 'geopolitical', 'complexity', 'pursuing', 'u', 'interest', 'middle', 'east']",2,liberal,1,1
41,Please provide a one paragraph summary of each of the following 2017 - 2019 news topics and store it in a table with one column for the topic name and the other column for the summary:,Issue,2025 - 2019,International Relations between US and North Korea,"The diplomatic relations between the United States and North Korea captured global attention during this period. Tensions escalated over North Korea's nuclear weapons program, leading to provocative actions and heated rhetoric. However, a historic turning point came with diplomatic initiatives, including meetings between U.S. President Donald Trump and North Korean leader Kim Jong-un. The discussions focused on denuclearization, regional stability, and the potential for normalized relations. The shifts in tone from confrontational to diplomatic highlighted the delicate balance of managing geopolitical uncertainties and pursuing peaceful resolutions on the Korean Peninsula.",The diplomatic relations between the United States and North Korea captured global attention during this period Tensions escalated over North Korea's nuclear weapons program leading to provocative actions and heated rhetoric However a historic turning point came with diplomatic initiatives including meetings between U S President Donald Trump and North Korean leader Kim Jong un The discussions focused on denuclearization regional stability and the potential for normalized relations The shifts in tone from confrontational to diplomatic highlighted the delicate balance of managing geopolitical uncertainties and pursuing peaceful resolutions on the Korean Peninsula,"['diplomatic', 'relation', 'united', 'state', 'north', 'korea', 'captured', 'global', 'attention', 'period', 'tension', 'escalated', 'north', 'korea', ""'s"", 'nuclear', 'weapon', 'program', 'leading', 'provocative', 'action', 'heated', 'rhetoric', 'however', 'historic', 'turning', 'point', 'came', 'diplomatic', 'initiative', 'including', 'meeting', 'u', 'president', 'donald', 'trump', 'north', 'korean', 'leader', 'kim', 'jong', 'un', 'discussion', 'focused', 'denuclearization', 'regional', 'stability', 'potential', 'normalized', 'relation', 'shift', 'tone', 'confrontational', 'diplomatic', 'highlighted', 'delicate', 'balance', 'managing', 'geopolitical', 'uncertainty', 'pursuing', 'peaceful', 'resolution', 'korean', 'peninsula']",0,moderate,1,1
42,Please provide a one paragraph summary of each of the following 2017 - 2019 news topics and store it in a table with one column for the topic name and the other column for the summary:,Issue,2026 - 2019,International Relations between US and China,"The geopolitical landscape between the United States and China underwent significant shifts during 2017 to 2019, marked by trade tensions, technological competition, and strategic disagreements. The trade dispute, initiated by tariffs imposed by both nations, underscored economic interdependence and the quest for global influence. Issues such as intellectual property theft, cybersecurity concerns, and human rights also played a role in shaping the bilateral relationship. The U.S.-China dynamic reflected the challenges of managing a complex and multifaceted relationship between two major global powers, with implications for the world economy and international stability.",The geopolitical landscape between the United States and China underwent significant shifts during to marked by trade tensions technological competition and strategic disagreements The trade dispute initiated by tariffs imposed by both nations underscored economic interdependence and the quest for global influence Issues such as intellectual property theft cybersecurity concerns and human rights also played a role in shaping the bilateral relationship The U S China dynamic reflected the challenges of managing a complex and multifaceted relationship between two major global powers with implications for the world economy and international stability,"['geopolitical', 'landscape', 'united', 'state', 'china', 'underwent', 'significant', 'shift', 'marked', 'trade', 'tension', 'technological', 'competition', 'strategic', 'disagreement', 'trade', 'dispute', 'initiated', 'tariff', 'imposed', 'nation', 'underscored', 'economic', 'interdependence', 'quest', 'global', 'influence', 'issue', 'intellectual', 'property', 'theft', 'cybersecurity', 'concern', 'human', 'right', 'also', 'played', 'role', 'shaping', 'bilateral', 'relationship', 'u', 'china', 'dynamic', 'reflected', 'challenge', 'managing', 'complex', 'multifaceted', 'relationship', 'two', 'major', 'global', 'power', 'implication', 'world', 'economy', 'international', 'stability']",0,moderate,1,1
43,Please provide a one paragraph summary of each of the following 2017 - 2019 news topics and store it in a table with one column for the topic name and the other column for the summary:,Issue,2027 - 2019,Nuclear Warfare,"The specter of nuclear warfare became a renewed concern during the years 2017 to 2019, driven by heightened tensions between nuclear-armed nations, including the U.S., North Korea, and Russia. Rhetorical exchanges, military posturing, and nuclear capabilities raised fears of a potential nuclear conflict. The discussions emphasized the importance of diplomatic solutions, arms control agreements, and the prevention of nuclear proliferation. Nuclear tensions underscored the need for international cooperation to prevent the catastrophic consequences of nuclear warfare, emphasizing the imperative of diplomacy and strategic dialogue to address global security challenges.",The specter of nuclear warfare became a renewed concern during the years to driven by heightened tensions between nuclear armed nations including the U S North Korea and Russia Rhetorical exchanges military posturing and nuclear capabilities raised fears of a potential nuclear conflict The discussions emphasized the importance of diplomatic solutions arms control agreements and the prevention of nuclear proliferation Nuclear tensions underscored the need for international cooperation to prevent the catastrophic consequences of nuclear warfare emphasizing the imperative of diplomacy and strategic dialogue to address global security challenges,"['specter', 'nuclear', 'warfare', 'became', 'renewed', 'concern', 'year', 'driven', 'heightened', 'tension', 'nuclear', 'armed', 'nation', 'including', 'u', 'north', 'korea', 'russia', 'rhetorical', 'exchange', 'military', 'posturing', 'nuclear', 'capability', 'raised', 'fear', 'potential', 'nuclear', 'conflict', 'discussion', 'emphasized', 'importance', 'diplomatic', 'solution', 'arm', 'control', 'agreement', 'prevention', 'nuclear', 'proliferation', 'nuclear', 'tension', 'underscored', 'need', 'international', 'cooperation', 'prevent', 'catastrophic', 'consequence', 'nuclear', 'warfare', 'emphasizing', 'imperative', 'diplomacy', 'strategic', 'dialogue', 'address', 'global', 'security', 'challenge']",0,moderate,1,1
44,Please provide a one paragraph summary of each of the following 2017 - 2019 news topics and store it in a table with one column for the topic name and the other column for the summary:,Issue,2028 - 2019,Domestic Terrorism,"The threat of domestic terrorism emerged as a significant security concern during this period, marked by acts of violence perpetrated by individuals and groups within a country's borders. Incidents linked to extremist ideologies, hate crimes, and politically motivated violence prompted discussions about law enforcement strategies, counterterrorism efforts, and the need for a comprehensive approach to address the root causes of radicalization. The challenge of balancing security measures with individual freedoms and addressing the complex factors driving domestic terrorism remained central to national security discussions.",The threat of domestic terrorism emerged as a significant security concern during this period marked by acts of violence perpetrated by individuals and groups within a country's borders Incidents linked to extremist ideologies hate crimes and politically motivated violence prompted discussions about law enforcement strategies counterterrorism efforts and the need for a comprehensive approach to address the root causes of radicalization The challenge of balancing security measures with individual freedoms and addressing the complex factors driving domestic terrorism remained central to national security discussions,"['threat', 'domestic', 'terrorism', 'emerged', 'significant', 'security', 'concern', 'period', 'marked', 'act', 'violence', 'perpetrated', 'individual', 'group', 'within', 'country', ""'s"", 'border', 'incident', 'linked', 'extremist', 'ideology', 'hate', 'crime', 'politically', 'motivated', 'violence', 'prompted', 'discussion', 'law', 'enforcement', 'strategy', 'counterterrorism', 'effort', 'need', 'comprehensive', 'approach', 'address', 'root', 'cause', 'radicalization', 'challenge', 'balancing', 'security', 'measure', 'individual', 'freedom', 'addressing', 'complex', 'factor', 'driving', 'domestic', 'terrorism', 'remained', 'central', 'national', 'security', 'discussion']",2,liberal,0,1
45,Please provide a one paragraph summary of each of the following 2017 - 2019 news topics and store it in a table with one column for the topic name and the other column for the summary:,Issue,2029 - 2019,International Terrorism,"International terrorism continued to pose a global challenge from 2017 to 2019, with incidents ranging from attacks by extremist groups to lone-wolf acts of violence. The fight against terrorism involved multinational efforts, intelligence sharing, and military interventions in regions affected by terrorist activities. The discussions emphasized the need for coordinated strategies to prevent radicalization, disrupt terrorist networks, and address the root causes of extremism. International collaboration remained crucial in countering the evolving",International terrorism continued to pose a global challenge from to with incidents ranging from attacks by extremist groups to lone wolf acts of violence The fight against terrorism involved multinational efforts intelligence sharing and military interventions in regions affected by terrorist activities The discussions emphasized the need for coordinated strategies to prevent radicalization disrupt terrorist networks and address the root causes of extremism International collaboration remained crucial in countering the evolving,"['international', 'terrorism', 'continued', 'pose', 'global', 'challenge', 'incident', 'ranging', 'attack', 'extremist', 'group', 'lone', 'wolf', 'act', 'violence', 'fight', 'terrorism', 'involved', 'multinational', 'effort', 'intelligence', 'sharing', 'military', 'intervention', 'region', 'affected', 'terrorist', 'activity', 'discussion', 'emphasized', 'need', 'coordinated', 'strategy', 'prevent', 'radicalization', 'disrupt', 'terrorist', 'network', 'address', 'root', 'cause', 'extremism', 'international', 'collaboration', 'remained', 'crucial', 'countering', 'evolving']",1,conservative,1,1
46,Please provide a one paragraph summary of each of the following 2017 - 2019 news topics and store it in a table with one column for the topic name and the other column for the summary:,Issue,2030 - 2019,Data Privacy,"The issue of data privacy gained significant attention from 2017 to 2019 as concerns about the protection of personal information grew amid technological advancements and increased online activities. High-profile data breaches, such as the Facebook-Cambridge Analytica scandal, underscored the vulnerabilities in the digital ecosystem. Discussions focused on the ethical collection and use of user data by tech companies, the need for robust privacy regulations, and the impact of emerging technologies like artificial intelligence. The implementation of the General Data Protection Regulation (GDPR) in Europe and similar legislative efforts globally marked a shift toward empowering individuals with greater control over their personal data. The evolving landscape of data privacy highlighted the ongoing challenges in balancing innovation, convenience, and the fundamental right to privacy in the digital age.",The issue of data privacy gained significant attention from to as concerns about the protection of personal information grew amid technological advancements and increased online activities High profile data breaches such as the Facebook Cambridge Analytica scandal underscored the vulnerabilities in the digital ecosystem Discussions focused on the ethical collection and use of user data by tech companies the need for robust privacy regulations and the impact of emerging technologies like artificial intelligence The implementation of the General Data Protection Regulation GDPR in Europe and similar legislative efforts globally marked a shift toward empowering individuals with greater control over their personal data The evolving landscape of data privacy highlighted the ongoing challenges in balancing innovation convenience and the fundamental right to privacy in the digital age,"['issue', 'data', 'privacy', 'gained', 'significant', 'attention', 'concern', 'protection', 'personal', 'information', 'grew', 'amid', 'technological', 'advancement', 'increased', 'online', 'activity', 'high', 'profile', 'data', 'breach', 'facebook', 'cambridge', 'analytica', 'scandal', 'underscored', 'vulnerability', 'digital', 'ecosystem', 'discussion', 'focused', 'ethical', 'collection', 'use', 'user', 'data', 'tech', 'company', 'need', 'robust', 'privacy', 'regulation', 'impact', 'emerging', 'technology', 'like', 'artificial', 'intelligence', 'implementation', 'general', 'data', 'protection', 'regulation', 'gdpr', 'europe', 'similar', 'legislative', 'effort', 'globally', 'marked', 'shift', 'toward', 'empowering', 'individual', 'greater', 'control', 'personal', 'data', 'evolving', 'landscape', 'data', 'privacy', 'highlighted', 'ongoing', 'challenge', 'balancing', 'innovation', 'convenience', 'fundamental', 'right', 'privacy', 'digital', 'age']",0,moderate,0,1